Red,1,1
Red,1,2
Red,1,3
Red,2,4
Red,2,5
Red,2,6
Red,3,7
Red,3,8
Red,3,9
Red,4,10
Red,4,11
Red,4,12
Red,5,13
Red,5,14
Red,5,15
Red,6,16
Red,6,17
Red,6,18
Red,6,19
Red,6,20
Red,7,21
Red,7,22
Red,7,23
Red,8,24
Red,8,25
Red,8,26
Red,8,27
Red,8,28
Red,8,29
Red,8,30
Red,8,31
Red,8,32
Red,8,33
Red,8,34
Red,8,35
Red,8,36
Red,8,37
Red,8,38
Red,8,39
Red,8,40
Red,8,41
Red,8,42
Red,8,43
Red,8,44
Red,8,45
Red,9,46
Red,9,47
Red,9,48
Red,10,49
Red,10,50
Red,10,51
Red,10,52
Red,10,53
Red,10,54
Red,11,55
Red,11,56
Red,11,57
Red,12,58
Red,12,59
Red,12,60
